{
    "@timestamp": "2017-10-12T08:05:34.853Z",
    "aws": {
        "cloudwatch": {
            "dimensions": {
                "EngineName": "aurora"
            },
            "namespace": "AWS/RDS"
        },
        "metrics": {
            "ActiveTransactions": {
                "avg": 0,
                "count": 10,
                "max": 0,
                "min": 0,
                "sum": 0
            },
            "AuroraBinlogReplicaLag": {
                "avg": 0,
                "count": 10,
                "max": 0,
                "min": 0,
                "sum": 0
            },
            "AuroraReplicaLag": {
                "avg": 17.599,
                "count": 5,
                "max": 20.689,
                "min": 7.07,
                "sum": 87.995
            },
            "AuroraReplicaLagMaximum": {
                "avg": 17.786400032043456,
                "count": 5,
                "max": 21.135000228881836,
                "min": 7.133999824523926,
                "sum": 88.93200016021729
            },
            "AuroraReplicaLagMinimum": {
                "avg": 17.786400032043456,
                "count": 5,
                "max": 21.135000228881836,
                "min": 7.133999824523926,
                "sum": 88.93200016021729
            },
            "BinLogDiskUsage": {
                "avg": 0,
                "count": 10,
                "max": 0,
                "min": 0,
                "sum": 0
            },
            "BlockedTransactions": {
                "avg": 0,
                "count": 10,
                "max": 0,
                "min": 0,
                "sum": 0
            },
            "BufferCacheHitRatio": {
                "avg": 100,
                "count": 10,
                "max": 100,
                "min": 100,
                "sum": 1000
            },
            "CPUUtilization": {
                "avg": 3.4,
                "count": 10,
                "max": 4,
                "min": 3,
                "sum": 34
            },
            "CommitLatency": {
                "avg": 3.4960766666666663,
                "count": 10,
                "max": 8.171666666666667,
                "min": 0,
                "sum": 34.960766666666665
            },
            "CommitThroughput": {
                "avg": 0.24996426101010413,
                "count": 10,
                "max": 0.5003752814610959,
                "min": 0,
                "sum": 2.4996426101010414
            },
            "DDLLatency": {
                "avg": 0,
                "count": 10,
                "max": 0,
                "min": 0,
                "sum": 0
            },
            "DDLThroughput": {
                "avg": 0,
                "count": 10,
                "max": 0,
                "min": 0,
                "sum": 0
            },
            "DMLLatency": {
                "avg": 0.08182999999999999,
                "count": 10,
                "max": 0.16573333333333334,
                "min": 0,
                "sum": 0.8182999999999999
            },
            "DMLThroughput": {
                "avg": 0.24996426101010413,
                "count": 10,
                "max": 0.5003752814610959,
                "min": 0,
                "sum": 2.4996426101010414
            },
            "DatabaseConnections": {
                "avg": 0,
                "count": 10,
                "max": 0,
                "min": 0,
                "sum": 0
            },
            "Deadlocks": {
                "avg": 0,
                "count": 10,
                "max": 0,
                "min": 0,
                "sum": 0
            },
            "DeleteLatency": {
                "avg": 0,
                "count": 10,
                "max": 0,
                "min": 0,
                "sum": 0
            },
            "DeleteThroughput": {
                "avg": 0,
                "count": 10,
                "max": 0,
                "min": 0,
                "sum": 0
            },
            "EngineUptime": {
                "avg": 2820198,
                "count": 10,
                "max": 2820583,
                "min": 2819813,
                "sum": 28201980
            },
            "FreeLocalStorage": {
                "avg": 32045225164.8,
                "count": 10,
                "max": 32952999936,
                "min": 31137382400,
                "sum": 320452251648
            },
            "FreeableMemory": {
                "avg": 4595537510.4,
                "count": 10,
                "max": 4721700864,
                "min": 4469288960,
                "sum": 45955375104
            },
            "InsertLatency": {
                "avg": 0.08182999999999999,
                "count": 10,
                "max": 0.16573333333333334,
                "min": 0,
                "sum": 0.8182999999999999
            },
            "InsertThroughput": {
                "avg": 0.24996426101010413,
                "max": 0.5003752814610959,
                "min": 0,
                "sum": 2.4996426101010414
            },
            "LoginFailures": {
                "avg": 0,
                "count": 10,
                "max": 0,
                "min": 0,
                "sum": 0
            },
            "NetworkReceiveThroughput": {
                "avg": 0.840001168086164,
                "count": 10,
                "max": 1.4000233337222288,
                "min": 0.6999533364442371,
                "sum": 8.40001168086164
            },
            "NetworkThroughput": {
                "avg": 1.680002336172328,
                "count": 10,
                "max": 2.8000466674444575,
                "min": 1.3999066728884741,
                "sum": 16.80002336172328
            },
            "NetworkTransmitThroughput": {
                "avg": 0.840001168086164,
                "count": 10,
                "max": 1.4000233337222288,
                "min": 0.6999533364442371,
                "sum": 8.40001168086164
            },
            "Queries": {
                "avg": 7.5099053576199,
                "count": 10,
                "max": 8.985130359405215,
                "min": 6.0335344511483715,
                "sum": 75.099053576199
            },
            "ResultSetCacheHitRatio": {
                "avg": 0,
                "count": 10,
                "max": 0,
                "min": 0,
                "sum": 0
            },
            "SelectLatency": {
                "avg": 0.20052193393758158,
                "count": 10,
                "max": 0.2230939597315436,
                "min": 0.17563186813186812,
                "sum": 2.0052193393758158
            },
            "SelectThroughput": {
                "avg": 2.8148287472596003,
                "count": 10,
                "max": 3.152364273204904,
                "min": 2.483250558314723,
                "sum": 28.148287472596003
            },
            "UpdateLatency": {
                "avg": 0,
                "count": 10,
                "max": 0,
                "min": 0,
                "sum": 0
            },
            "UpdateThroughput": {
                "avg": 0,
                "count": 10,
                "max": 0,
                "min": 0,
                "sum": 0
            }
        }
    },
    "cloud": {
        "provider": "aws",
        "region": "us-east-2"
    },
    "event": {
        "dataset": "aws.cloudwatch",
        "duration": 115000,
        "module": "aws"
    },
    "metricset": {
        "name": "cloudwatch"
    },
    "service": {
        "type": "cloudwatch"
    }
}