{
    "@timestamp": "2017-10-12T08:05:34.853Z",
    "aws": {
        "cloudwatch": {
            "dimensions": {
                "DatabaseClass": "db.t2.micro"
            },
            "namespace": "AWS/RDS"
        },
        "metrics": {
            "BinLogDiskUsage": {
                "avg": 2956.2,
                "count": 5,
                "max": 3518,
                "min": 2752,
                "sum": 14781
            },
            "BurstBalance": {
                "avg": 100,
                "count": 1,
                "max": 100,
                "min": 100,
                "sum": 100
            },
            "CPUCreditBalance": {
                "avg": 144,
                "count": 1,
                "max": 144,
                "min": 144,
                "sum": 144
            },
            "CPUCreditUsage": {
                "avg": 0.062221,
                "count": 1,
                "max": 0.062221,
                "min": 0.062221,
                "sum": 0.062221
            },
            "CPUSurplusCreditBalance": {
                "avg": 0,
                "count": 1,
                "max": 0,
                "min": 0,
                "sum": 0
            },
            "CPUSurplusCreditsCharged": {
                "avg": 0,
                "count": 1,
                "max": 0,
                "min": 0,
                "sum": 0
            },
            "CPUUtilization": {
                "avg": 1.200240807631305,
                "count": 5,
                "max": 1.66666666666667,
                "min": 0.983606557374664,
                "sum": 6.001204038156525
            },
            "DatabaseConnections": {
                "avg": 0,
                "count": 5,
                "max": 0,
                "min": 0,
                "sum": 0
            },
            "DiskQueueDepth": {
                "avg": 0.00017333177789258993,
                "count": 5,
                "max": 0.0003999866671110963,
                "min": 0,
                "sum": 0.0008666588894629497
            },
            "FreeStorageSpace": {
                "avg": 20402474188.8,
                "count": 5,
                "max": 20402475008,
                "min": 20402470912,
                "sum": 102012370944
            },
            "FreeableMemory": {
                "avg": 441409536,
                "count": 5,
                "max": 441532416,
                "min": 441126912,
                "sum": 2207047680
            },
            "NetworkReceiveThroughput": {
                "avg": 490.10972816485855,
                "count": 5,
                "max": 558.940684321928,
                "min": 451.286580894607,
                "sum": 2450.5486408242928
            },
            "NetworkTransmitThroughput": {
                "avg": 2690.0969757200583,
                "count": 5,
                "max": 3200.246662555624,
                "min": 2263.632424505033,
                "sum": 13450.484878600291
            },
            "ReadIOPS": {
                "avg": 0.23333333333333334,
                "count": 5,
                "max": 1.1666666666666667,
                "min": 0,
                "sum": 1.1666666666666667
            },
            "ReadLatency": {
                "avg": 0,
                "count": 5,
                "max": 0,
                "min": 0,
                "sum": 0
            },
            "ReadThroughput": {
                "avg": 136.52650700798293,
                "count": 5,
                "max": 682.6325350399146,
                "min": 0,
                "sum": 682.6325350399146
            },
            "SwapUsage": {
                "avg": 1167360,
                "count": 5,
                "max": 1167360,
                "min": 1167360,
                "sum": 5836800
            },
            "WriteIOPS": {
                "avg": 0.2833380557009299,
                "count": 5,
                "max": 0.5666761112685211,
                "min": 0.1166647222546291,
                "sum": 1.4166902785046496
            },
            "WriteLatency": {
                "avg": 0.0002945713219218258,
                "count": 5,
                "max": 0.0007619047619047619,
                "min": 0,
                "sum": 0.001472856609609129
            },
            "WriteThroughput": {
                "avg": 2566.836454161029,
                "count": 5,
                "max": 4847.014116901948,
                "min": 477.88259608653624,
                "sum": 12834.182270805144
            }
        }
    },
    "cloud": {
        "account": {
            "id": "627959692251",
            "name": "elastic-test"
        },
        "provider": "aws",
        "region": "ap-southeast-1"
    },
    "event": {
        "dataset": "aws.cloudwatch",
        "duration": 115000,
        "module": "aws"
    },
    "metricset": {
        "name": "cloudwatch",
        "period": 10000
    },
    "service": {
        "type": "aws"
    }
}