{
    "@timestamp": "2017-10-12T08:05:34.853Z",
    "aws": {
        "cloudwatch": {
            "dimensions": {
                "DatabaseClass": "db.r5.large"
            },
            "metrics": {
                "ActiveTransactions": {
                    "avg": 17.82600040435791,
                    "count": 5,
                    "max": 24.874000549316406,
                    "min": 8.53600025177002,
                    "sum": 89.13000202178955
                },
                "AuroraBinlogReplicaLag": {
                    "avg": 17.82600040435791,
                    "count": 5,
                    "max": 24.874000549316406,
                    "min": 8.53600025177002,
                    "sum": 89.13000202178955
                },
                "AuroraReplicaLag": {
                    "avg": 17.82600040435791,
                    "count": 5,
                    "max": 24.874000549316406,
                    "min": 8.53600025177002,
                    "sum": 89.13000202178955
                },
                "AuroraReplicaLagMaximum": {
                    "avg": 17.82600040435791,
                    "count": 5,
                    "max": 24.874000549316406,
                    "min": 8.53600025177002,
                    "sum": 89.13000202178955
                },
                "AuroraReplicaLagMinimum": {
                    "avg": 17.82600040435791,
                    "count": 5,
                    "max": 24.874000549316406,
                    "min": 8.53600025177002,
                    "sum": 89.13000202178955
                },
                "BinLogDiskUsage": {
                    "avg": 17.82600040435791,
                    "count": 5,
                    "max": 24.874000549316406,
                    "min": 8.53600025177002,
                    "sum": 89.13000202178955
                },
                "BlockedTransactions": {
                    "avg": 17.82600040435791,
                    "count": 5,
                    "max": 24.874000549316406,
                    "min": 8.53600025177002,
                    "sum": 89.13000202178955
                },
                "BufferCacheHitRatio": {
                    "avg": 17.82600040435791,
                    "count": 5,
                    "max": 24.874000549316406,
                    "min": 8.53600025177002,
                    "sum": 89.13000202178955
                },
                "CPUUtilization": {
                    "avg": 17.82600040435791,
                    "count": 5,
                    "max": 24.874000549316406,
                    "min": 8.53600025177002,
                    "sum": 89.13000202178955
                },
                "CommitLatency": {
                    "avg": 17.82600040435791,
                    "count": 5,
                    "max": 24.874000549316406,
                    "min": 8.53600025177002,
                    "sum": 89.13000202178955
                },
                "CommitThroughput": {
                    "avg": 17.82600040435791,
                    "count": 5,
                    "max": 24.874000549316406,
                    "min": 8.53600025177002,
                    "sum": 89.13000202178955
                },
                "DDLLatency": {
                    "avg": 17.82600040435791,
                    "count": 5,
                    "max": 24.874000549316406,
                    "min": 8.53600025177002,
                    "sum": 89.13000202178955
                },
                "DDLThroughput": {
                    "avg": 17.82600040435791,
                    "count": 5,
                    "max": 24.874000549316406,
                    "min": 8.53600025177002,
                    "sum": 89.13000202178955
                },
                "DMLLatency": {
                    "avg": 17.82600040435791,
                    "count": 5,
                    "max": 24.874000549316406,
                    "min": 8.53600025177002,
                    "sum": 89.13000202178955
                },
                "DMLThroughput": {
                    "avg": 17.82600040435791,
                    "count": 5,
                    "max": 24.874000549316406,
                    "min": 8.53600025177002,
                    "sum": 89.13000202178955
                },
                "DatabaseConnections": {
                    "avg": 17.82600040435791,
                    "count": 5,
                    "max": 24.874000549316406,
                    "min": 8.53600025177002,
                    "sum": 89.13000202178955
                },
                "Deadlocks": {
                    "avg": 17.82600040435791,
                    "count": 5,
                    "max": 24.874000549316406,
                    "min": 8.53600025177002,
                    "sum": 89.13000202178955
                },
                "DeleteLatency": {
                    "avg": 17.82600040435791,
                    "count": 5,
                    "max": 24.874000549316406,
                    "min": 8.53600025177002,
                    "sum": 89.13000202178955
                },
                "DeleteThroughput": {
                    "avg": 17.82600040435791,
                    "count": 5,
                    "max": 24.874000549316406,
                    "min": 8.53600025177002,
                    "sum": 89.13000202178955
                },
                "EngineUptime": {
                    "avg": 17.82600040435791,
                    "count": 5,
                    "max": 24.874000549316406,
                    "min": 8.53600025177002,
                    "sum": 89.13000202178955
                },
                "FreeLocalStorage": {
                    "avg": 17.82600040435791,
                    "count": 5,
                    "max": 24.874000549316406,
                    "min": 8.53600025177002,
                    "sum": 89.13000202178955
                },
                "FreeableMemory": {
                    "avg": 17.82600040435791,
                    "count": 5,
                    "max": 24.874000549316406,
                    "min": 8.53600025177002,
                    "sum": 89.13000202178955
                },
                "InsertLatency": {
                    "avg": 17.82600040435791,
                    "count": 5,
                    "max": 24.874000549316406,
                    "min": 8.53600025177002,
                    "sum": 89.13000202178955
                },
                "InsertThroughput": {
                    "avg": 17.82600040435791,
                    "count": 5,
                    "max": 24.874000549316406,
                    "min": 8.53600025177002,
                    "sum": 89.13000202178955
                },
                "LoginFailures": {
                    "avg": 17.82600040435791,
                    "count": 5,
                    "max": 24.874000549316406,
                    "min": 8.53600025177002,
                    "sum": 89.13000202178955
                },
                "NetworkReceiveThroughput": {
                    "avg": 17.82600040435791,
                    "count": 5,
                    "max": 24.874000549316406,
                    "min": 8.53600025177002,
                    "sum": 89.13000202178955
                },
                "NetworkThroughput": {
                    "avg": 17.82600040435791,
                    "count": 5,
                    "max": 24.874000549316406,
                    "min": 8.53600025177002,
                    "sum": 89.13000202178955
                },
                "NetworkTransmitThroughput": {
                    "avg": 17.82600040435791,
                    "count": 5,
                    "max": 24.874000549316406,
                    "min": 8.53600025177002,
                    "sum": 89.13000202178955
                },
                "Queries": {
                    "avg": 17.82600040435791,
                    "count": 5,
                    "max": 24.874000549316406,