{
    "@timestamp": "2017-10-12T08:05:34.853Z",
    "aws": {
        "cloudwatch": {
            "namespace": "AWS/RDS"
        },
        "dimensions": {
            "DBInstanceIdentifier": "database-1"
        },
        "rds": {
            "metrics": {
                "BinLogDiskUsage": {
                    "avg": 2956,
                    "count": 5,
                    "max": 3007,
                    "min": 2752,
                    "sum": 14780
                },
                "CPUCreditBalance": {
                    "avg": 144,
                    "count": 1,
                    "max": 144,
                    "min": 144,
                    "sum": 144
                },
                "CPUCreditUsage": {
                    "avg": 0.064304,
                    "count": 1,
                    "max": 0.064304,
                    "min": 0.064304,
                    "sum": 0.064304
                },
                "CPUSurplusCreditBalance": {
                    "avg": 0,
                    "count": 1,
                    "max": 0,
                    "min": 0,
                    "sum": 0
                },
                "CPUSurplusCreditsCharged": {
                    "avg": 0,
                    "count": 1,
                    "max": 0,
                    "min": 0,
                    "sum": 0
                },
                "CPUUtilization": {
                    "avg": 1.2879761253896675,
                    "count": 4,
                    "max": 1.69491525423729,
                    "min": 1.0000000000097,
                    "sum": 5.15190450155867
                },
                "DatabaseConnections": {
                    "avg": 0,
                    "count": 5,
                    "max": 0,
                    "min": 0,
                    "sum": 0
                },
                "DiskQueueDepth": {
                    "avg": 0.00024003200560092459,
                    "count": 5,
                    "max": 0.0010001666944490749,
                    "min": 0,
                    "sum": 0.001200160028004623
                },
                "FreeStorageSpace": {
                    "avg": 20402470912,
                    "count": 5,
                    "max": 20402470912,
                    "min": 20402470912,
                    "sum": 102012354560
                },
                "FreeableMemory": {
                    "avg": 446953062.4,
                    "count": 5,
                    "max": 447062016,
                    "min": 446689280,
                    "sum": 2234765312
                },
                "NetworkReceiveThroughput": {
                    "avg": 385.54436133907825,
                    "count": 5,
                    "max": 454.1393736353484,
                    "min": 357.4166666666667,
                    "sum": 1927.7218066953913
                },
                "NetworkTransmitThroughput": {
                    "avg": 2675.6187556174687,
                    "count": 5,
                    "max": 3181.6090804540227,
                    "min": 2364.3317834108293,
                    "sum": 13378.093778087343
                },
                "ReadIOPS": {
                    "avg": 0.2333372222870381,
                    "count": 5,
                    "max": 1.1666861114351905,
                    "min": 0,
                    "sum": 1.1666861114351905
                },
                "ReadLatency": {
                    "avg": 0,
                    "count": 5,
                    "max": 0,
                    "min": 0,
                    "sum": 0
                },
                "ReadThroughput": {
                    "avg": 136.55381640579418,
                    "count": 5,
                    "max": 682.769082028971,
                    "min": 0,
                    "sum": 682.769082028971
                },
                "SwapUsage": {
                    "avg": 4440064,
                    "count": 5,
                    "max": 4440064,
                    "min": 4440064,
                    "sum": 22200320
                },
                "WriteIOPS": {
                    "avg": 0.27667527814353454,
                    "count": 5,
                    "max": 0.7333455557592626,
                    "min": 0,
                    "sum": 1.3833763907176728
                },
                "WriteLatency": {
                    "avg": 0.00025560224089635854,
                    "count": 5,
                    "max": 0.0009642857142857143,
                    "min": 0,
                    "sum": 0.0012780112044817927
                },
                "WriteThroughput": {
                    "avg": 2553.3838566147706,
                    "count": 5,
                    "max": 7578.736810521578,
                    "min": 0,
                    "sum": 12766.919283073852
                }
            }
        }
    },
    "cloud": {
        "account": {
            "id": "627959692251",
            "name": "elastic-test"
        },
        "provider": "aws",
        "region": "ap-southeast-1"
    },
    "event": {
        "dataset": "aws.cloudwatch",
        "duration": 115000,
        "module": "aws"
    },
    "metricset": {
        "name": "cloudwatch",
        "period": 10000
    },
    "service": {
        "type": "aws"
    }
}