{
    "@timestamp": "2017-10-12T08:05:34.853Z",
    "aws": {
        "cloudwatch": {
            "namespace": "AWS/RDS"
        },
        "dimensions": {
            "EngineName": "mariadb"
        },
        "rds": {
            "BinLogDiskUsage": {
                "avg": 2905,
                "count": 5,
                "max": 3007,
                "min": 2752,
                "sum": 14525
            },
            "BurstBalance": {
                "avg": 100,
                "max": 100,
                "min": 100,
                "sum": 100
            },
            "CPUCreditBalance": {
                "avg": 144,
                "count": 1,
                "max": 144,
                "min": 144,
                "sum": 144
            },
            "CPUCreditUsage": {
                "avg": 0.062865,
                "count": 1,
                "max": 0.062865,
                "min": 0.062865,
                "sum": 0.062865
            },
            "CPUSurplusCreditBalance": {
                "avg": 0,
                "count": 1,
                "max": 0,
                "min": 0,
                "sum": 0
            },
            "CPUSurplusCreditsCharged": {
                "avg": 0,
                "count": 1,
                "max": 0,
                "min": 0,
                "sum": 0
            },
            "CPUUtilization": {
                "avg": 1.295081967211208,
                "count": 5,
                "max": 1.66666666666667,
                "min": 1.0000000000097,
                "sum": 6.4754098360560395
            },
            "DatabaseConnections": {
                "avg": 0,
                "count": 5,
                "max": 0,
                "min": 0,
                "sum": 0
            },
            "DiskQueueDepth": {
                "avg": 0.00020000222225925987,
                "count": 5,
                "max": 0.000666677777962966,
                "min": 0,
                "sum": 0.0010000111112962993
            },
            "FreeStorageSpace": {
                "avg": 20402470912,
                "count": 5,
                "max": 20402470912,
                "min": 20402470912,
                "sum": 102012354560
            },
            "FreeableMemory": {
                "avg": 446764646.4,
                "count": 5,
                "max": 446844928,
                "min": 446566400,
                "sum": 2233823232
            },
            "NetworkReceiveThroughput": {
                "avg": 409.2197535808383,
                "count": 5,
                "max": 568.1310622979234,
                "min": 353.37155428152397,
                "sum": 2046.0987679041916
            },
            "NetworkTransmitThroughput": {
                "avg": 2623.395759473423,
                "count": 5,
                "max": 3353.288223725876,
                "min": 2279.0073664211195,
                "sum": 13116.978797367115
            },
            "ReadIOPS": {
                "avg": 0.2333372222870381,
                "count": 5,
                "max": 1.1666861114351905,
                "min": 0,
                "sum": 1.1666861114351905
            },
            "ReadLatency": {
                "avg": 0,
                "count": 5,
                "max": 0,
                "min": 0,
                "sum": 0
            },
            "ReadThroughput": {
                "avg": 136.53560892681543,
                "count": 5,
                "max": 682.6780446340772,
                "min": 0,
                "sum": 682.6780446340772
            },
            "SwapUsage": {
                "avg": 4431872,
                "count": 5,
                "max": 4431872,
                "min": 4431872,
                "sum": 22159360
            },
            "WriteIOPS": {
                "avg": 0.36000305566203694,
                "count": 5,
                "max": 0.7333455557592626,
                "min": 0.033332222259258026,
                "sum": 1.8000152783101846
            },
            "WriteLatency": {
                "avg": 0.0002115614617940199,
                "count": 5,
                "max": 0.00039999999999999996,
                "min": 0,
                "sum": 0.0010578073089700995
            },
            "WriteThroughput": {
                "avg": 3850.276864834378,
                "count": 5,
                "max": 7441.1906865114415,
                "min": 136.53788459615322,
                "sum": 19251.38432417189
            }
        }
    },
    "cloud": {
        "account": {
            "id": "627959692251",
            "name": "elastic-test"
        },
        "provider": "aws",
        "region": "ap-southeast-1"
    },
    "event": {
        "dataset": "aws.cloudwatch",
        "duration": 115000,
        "module": "aws"
    },
    "metricset": {
        "name": "cloudwatch",
        "period": 10000
    },
    "service": {
        "type": "aws"
    }
}