{
    "@timestamp": "2017-10-12T08:05:34.853Z",
    "aws": {
        "cloudwatch": {
            "dimensions": {
                "DBInstanceIdentifier": "database-1"
            },
            "namespace": "AWS/RDS"
        },
        "metrics": {
            "BinLogDiskUsage": {
                "avg": 2956.2,
                "count": 5,
                "max": 3518,
                "min": 2752,
                "sum": 14781
            },
            "BurstBalance": {
                "avg": 100,
                "count": 1,
                "max": 100,
                "min": 100,
                "sum": 100
            },
            "CPUCreditBalance": {
                "avg": 144,
                "count": 1,
                "max": 144,
                "min": 144,
                "sum": 144
            },
            "CPUCreditUsage": {
                "avg": 0.060291,
                "count": 1,
                "max": 0.060291,
                "min": 0.060291,
                "sum": 0.060291
            },
            "CPUSurplusCreditBalance": {
                "avg": 0,
                "count": 1,
                "max": 0,
                "min": 0,
                "sum": 0
            },
            "CPUSurplusCreditsCharged": {
                "avg": 0,
                "count": 1,
                "max": 0,
                "min": 0,
                "sum": 0
            },
            "CPUUtilization": {
                "avg": 1.231805131055151,
                "count": 5,
                "max": 1.66666666666667,
                "min": 0.999999999997575,
                "sum": 6.159025655275755
            },
            "DatabaseConnections": {
                "avg": 0,
                "count": 5,
                "max": 0,
                "min": 0,
                "sum": 0
            },
            "DiskQueueDepth": {
                "avg": 0.00021331666830722913,
                "count": 5,
                "max": 0.0004666122285733331,
                "min": 0,
                "sum": 0.0010665833415361456
            },
            "FreeStorageSpace": {
                "avg": 20402474188.8,
                "count": 5,
                "max": 20402475008,
                "min": 20402470912,
                "sum": 102012370944
            },
            "FreeableMemory": {
                "avg": 453283020.8,
                "count": 5,
                "max": 453382144,
                "min": 453189632,
                "sum": 2266415104
            },
            "NetworkReceiveThroughput": {
                "avg": 494.6746748088699,
                "count": 5,
                "max": 607.1261915872275,
                "min": 456.3441792238965,
                "sum": 2473.3733740443495
            },
            "NetworkTransmitThroughput": {
                "avg": 2587.156005526499,
                "count": 5,
                "max": 2948.1097479663954,
                "min": 2282.1072630912304,
                "sum": 12935.780027632496
            },
            "ReadIOPS": {
                "avg": 0.23331389050912424,
                "count": 5,
                "max": 1.1665694525456212,
                "min": 0,
                "sum": 1.1665694525456212
            },
            "ReadLatency": {
                "avg": 0.00008,
                "count": 5,
                "max": 0.0004,
                "min": 0,
                "sum": 0.0004
            },
            "ReadThroughput": {
                "avg": 136.52650700798293,
                "count": 5,
                "max": 682.6325350399146,
                "min": 0,
                "sum": 682.6325350399146
            },
            "SwapUsage": {
                "avg": 819200,
                "count": 5,
                "max": 819200,
                "min": 819200,
                "sum": 4096000
            },
            "WriteIOPS": {
                "avg": 0.2899896679222328,
                "count": 5,
                "max": 0.4999833338888704,
                "min": 0.09999666677777408,
                "sum": 1.449948339611164
            },
            "WriteLatency": {
                "avg": 0.0003950174969265906,
                "count": 5,
                "max": 0.0007659574468085106,
                "min": 0,
                "sum": 0.001975087484632953
            },
            "WriteThroughput": {
                "avg": 2580.405365448924,
                "count": 5,
                "max": 4437.185427152428,
                "min": 409.63413617801484,
                "sum": 12902.02682724462
            }
        }
    },
    "cloud": {
        "account": {
            "id": "elastic-test"
        },
        "provider": "aws",
        "region": "ap-southeast-1"
    },
    "event": {
        "dataset": "aws.cloudwatch",
        "duration": 115000,
        "module": "aws"
    },
    "metricset": {
        "name": "cloudwatch",
        "period": 10000
    },
    "service": {
        "type": "aws"
    }
}