{
    "@timestamp": "2017-10-12T08:05:34.853Z",
    "aws": {
        "cloudwatch": {
            "namespace": "AWS/RDS"
        },
        "dimensions": {
            "DBClusterIdentifier": "database-1",
            "Role": "WRITER"
        },
        "rds": {
            "aurora_bin_log_replica_lag": 0,
            "aurora_replica": {
                "lag_max": {
                    "ms": 19.665000915527344
                },
                "lag_min": {
                    "ms": 19.665000915527344
                }
            },
            "aurora_volume_left_total": {
                "bytes": 70007366615040
            },
            "cache_hit_ratio": {
                "buffer": 100,
                "result_set": 0
            },
            "cpu": {
                "total": {
                    "pct": 6.266666666666667
                }
            },
            "database_connections": 0,
            "deadlocks": 0,
            "engine_uptime": {
                "sec": 21331137
            },
            "free_local_storage": {
                "bytes": 26814369792
            },
            "freeable_memory": {
                "bytes": 4661682176
            },
            "latency": {
                "commit": 7.3182,
                "ddl": 0,
                "delete": 0,
                "dml": 0.19463333333333335,
                "insert": 0.19463333333333335,
                "read": 0,
                "select": 0.20315873015873015,
                "update": 0,
                "write": 0.0011938168178217822
            },
            "login_failures": 0,
            "queries": 8.917112522292781,
            "throughput": {
                "commit": 0.5001417068169315,
                "ddl": 0,
                "delete": 0,
                "dml": 0.5001417068169315,
                "insert": 0.5001417068169315,
                "network": 1.3996500874781306,
                "network_receive": 0.6998250437390653,
                "network_transmit": 0.6998250437390653,
                "select": 3.1508927529466684,
                "update": 0
            },
            "transactions": {
                "active": 0,
                "blocked": 0
            }
        },
        "tags": {
            "cluster": "staging",
            "release": "7",
            "team": "beats"
        }
    },
    "cloud": {
        "account": {
            "id": "428152502467",
            "name": "elastic-beats"
        },
        "provider": "aws",
        "region": "eu-west-1"
    },
    "event": {
        "dataset": "aws.rds",
        "duration": 115000,
        "module": "aws"
    },
    "metricset": {
        "name": "rds",
        "period": 10000
    },
    "service": {
        "type": "aws"
    }
}